PartitionKey,RowKey,Timestamp,Feature,Feature@type,Name,Name@type,Text,Text@type
Core,Engineer-Armormech Modifications-Absorption Shield,2023-05-30T20:15:39.7666334Z,Class-Engineer-Armormech Modifications,String,Absorption Shield,String,"You modify your physical shield to block incoming damage. As a bonus action you can activate this ability and gain temporary hit points equal to 1d4 + Intelligence modifier, which last for one hour.

You can use this feature twice. You gain an additional use at 5th, 9th, 13th, and 17th level. You regain any expended uses when you finish a long rest.",String
Core,Engineer-Armormech Modifications-Accelerated Movement,2023-05-30T20:15:39.7666334Z,Class-Engineer-Armormech Modifications,String,Accelerated Movement,String,"You reduce the weight of your modified armor's bulk and increase the power to joints. If the armor has a Strength requirement, you ignore it. The modified armor's weight is reduced by 15 lbs. While wearing your modified armor your speed increases by 10 feet. This applies to all movement speeds you have while wearing your armor.",String
Core,Engineer-Armormech Modifications-Adaptable Armor,2023-05-30T20:15:39.7666334Z,Class-Engineer-Armormech Modifications,String,Adaptable Armor,String,"You integrate deployable hooks and fins into your armor, augmenting its mobility. While wearing your modified armor, you gain a climbing speed equal to your walking speed, and you can move up, down, and across vertical surfaces and upside down along ceilings, while leaving your hands free. Additionally, you gain a swim speed equal to your walking speed.",String
Core,Engineer-Armormech Modifications-Advanced Power Fist,2023-05-30T20:15:39.7676326Z,Class-Engineer-Armormech Modifications,String,Advanced Power Fist,String,"You further modify your modified armor's gauntlet with increased reinforcement and weight. Your modified armor's unarmed strike deals 1d8 kinetic damage. Additionally, your critical hit range with your unarmed strikes increases by 1.",String
Core,Engineer-Armormech Modifications-Artificially Intelligent,2023-05-30T20:15:39.7676326Z,Class-Engineer-Armormech Modifications,String,Artificially Intelligent,String,"You install an artificial intelligence into your modified armor. While wearing your modified armor, when you make an ability check, your armor's artificial intelligence can take the Help action.

You can use this feature four times. You gain an additional use at 13th and 17th level. You regain all expended uses when you complete a long rest.",String
Core,Engineer-Armormech Modifications-Bonded Plates,2023-05-30T20:15:39.7676326Z,Class-Engineer-Armormech Modifications,String,Bonded Plates,String,You gain a +1 bonus to AC against melee attacks. This bonus increases to +2 at 9th level and +3 at 13th level.,String
Core,Engineer-Armormech Modifications-Collapsible Suit,2023-05-30T20:15:39.7676326Z,Class-Engineer-Armormech Modifications,String,Collapsible Suit,String,"Your modified armor can collapse into a case for easy storage. When transformed this way the armor is indistinguishable from a normal case and weighs one-



third its normal weight. As an action you can don or doff the armor, allowing it to transform as needed.",String
Core,Engineer-Armormech Modifications-Darkvision Visor,2023-05-30T20:15:39.7676326Z,Class-Engineer-Armormech Modifications,String,Darkvision Visor,String,"While wearing your modified armor, you have darkvision to a range of 60 feet. If you already have darkvision, this modification increases its range by 30 feet.",String
Core,Engineer-Armormech Modifications-Electroshock Shield,2023-05-30T20:15:39.7676326Z,Class-Engineer-Armormech Modifications,String,Electroshock Shield,String,"You install electroshockers in your shield generator. Whenever an enemy misses you with a melee attack, you can use your reaction to do 1d4 + your Intelligence modifier lightning damage to the attacker.",String
Core,Engineer-Armormech Modifications-Enhanced Endurance,2023-05-30T20:15:39.7676326Z,Class-Engineer-Armormech Modifications,String,Enhanced Endurance,String,"When you are reduced to 0 hit points while wearing your modified armor but not killed outright, you can drop to 1 hit point instead. You can't use this feature again until you finish a long rest.",String
Core,Engineer-Armormech Modifications-Flight,2023-05-30T20:15:39.7676326Z,Class-Engineer-Armormech Modifications,String,Flight,String,You integrate a propulsion system into your modified armor. While wearing your modified armor you have an enhanced flying speed of 30 feet.,String
Core,Engineer-Armormech Modifications-Grappling Harpoon,2023-05-30T20:15:39.7676326Z,Class-Engineer-Armormech Modifications,String,Grappling Harpoon,String,"Your modified armor gains an integrated grappling harpoon set into your gauntlet. With this harpoon, you can make a ranged weapon attack with a range of 30/60. On a hit, it deals 1d6 kinetic damage. This attack can target a surface, object, or creature.

A creature struck by this attack is impaled by the harpoon. As an action, a creature can attempt to remove the harpoon. Removing the harpoon requires a Strength check. While the harpoon is stuck in the target, you are connected to the target by a 60 foot cable.

While the harpoon is deployed, you can use your bonus action to activate the reel, pulling yourself to the location if the target is larger than you. A creature or object your size or smaller is pulled to you. Alternatively, you can opt to release the cable (no action required).

Once you've used this feature, you can't use it again until you recover and reinsert the harpoon as an action.",String
Core,Engineer-Armormech Modifications-Heavy Suit,2023-05-30T20:15:39.7676326Z,Class-Engineer-Armormech Modifications,String,Heavy Suit,String,"You enhance your suit, making it difficult to move. As a bonus action, you can anchor or deanchor your feet to the ground. While anchored, your speed is 0, you have advantage on Strength checks and Strength saving throws, and your carrying capacity and the weight you can push, drag, or lift doubles. If it would already double, it instead triples.


",String
Core,Engineer-Armormech Modifications-Infiltration Suit,2023-05-30T20:15:39.7686324Z,Class-Engineer-Armormech Modifications,String,Infiltration Suit,String,"You install a cloaking device in your modified armor. This device has 2 charges. As an action you can use 1 charge to cast _infiltrate_ targeting yourself.

The cloaking device regains all expended charges after a long rest.",String
Core,Engineer-Armormech Modifications-Magnetized Shield,2023-05-30T20:15:39.7686324Z,Class-Engineer-Armormech Modifications,String,Magnetized Shield,String,"You modify your physical shield such that when a melee weapon attack misses you by an amount less than or equal to your bonus to AC from your shield, the attacking creature must make a Strength check against your tech save DC. On a failed save, the creature's weapon adheres to the shield. As an action, a creature can repeat this check. On a success, the weapon is freed. ",String
Core,Engineer-Armormech Modifications-Overload Shield,2023-05-30T20:15:39.7686324Z,Class-Engineer-Armormech Modifications,String,Overload Shield,String,"You modify your shield generator to overload. As an action you can overload your shield. Each Large or smaller creature within 5 feet of you must make a Dexterity or Strength saving throw (their choice). On a failed save, they are pushed back 5 feet and knocked prone.

You can use this feature twice. You gain an additional use at 5th, 9th, 13th, and 17th level. You regain any expended uses when you finish a long rest.",String
Core,Engineer-Armormech Modifications-Power Fist,2023-05-30T20:15:39.7686324Z,Class-Engineer-Armormech Modifications,String,Power Fist,String,"You modify your modified armor gauntlet with increased reinforcement and weight. Your modified armor's unarmed strike deals 1d4 kinetic damage.

Additionally, when you take the Attack action and make an unarmed strike, you can make an additional unarmed strike as a bonus action.",String
Core,Engineer-Armormech Modifications-Prototype Power Fist,2023-05-30T20:15:39.7686324Z,Class-Engineer-Armormech Modifications,String,Prototype Power Fist,String,"You further modify your modified armor gauntlet with increased reinforcement and weight. Your modified armor's unarmed strike deals 1d6 kinetic damage and has the following property.

If you or your target move at least 10 feet in a straight line immediately before making an unarmed strike, the first unarmed strike you make deals additional damage equal to your Intelligence modifier.",String
Core,Engineer-Armormech Modifications-Reinforced Underlay,2023-05-30T20:15:39.7686324Z,Class-Engineer-Armormech Modifications,String,Reinforced Underlay,String,You gain a +1 bonus to AC against ranged attacks. This bonus increases to +2 at 9th level and +3 at 13th level.,String
Core,Engineer-Armormech Modifications-Resistance,2023-05-30T20:15:39.7686324Z,Class-Engineer-Armormech Modifications,String,Resistance,String,"You tune your modified armor against certain forms of damage. Choose acid, cold, fire, ion, lightning, or sonic damage. While wearing your modified armor you have resistance to that type of damage. 

You can select this modification multiple times. Each time you do so, you must choose a different damage type.
",String
Core,Engineer-Armormech Modifications-Sealed Suit,2023-05-30T20:15:39.7686324Z,Class-Engineer-Armormech Modifications,String,Sealed Suit,String,"As a bonus action you can hermetically seal your modified armor, giving you an air supply for up to 1 hour and making you immune to poison (but not curing you of existing poisoned conditions). Your armor regains 1 minute of air for every minute that you are not submerged and the armor is not sealed.

Additionally, while you are wearing your modified armor you are considered adapted to cold and hot climates as well as high altitude, as described in chapter 5 of the Dungeon Master's Guide. ",String
Core,Engineer-Armormech Modifications-Sentient Armor,2023-05-30T20:15:39.7686324Z,Class-Engineer-Armormech Modifications,String,Sentient Armor,String,"Your artificial intelligence has learned to control the suit without you being in it. It is now a valid target of the _tracker droid interface_ tech power.

While your armor is acting independently, it uses your ability scores, saving throws, and skills, and it has hit points equal to your engineer level. If reduced to 0 hit points, it falls directly to the ground, and it can not be equipped again until you finish a long rest.",String
Core,Engineer-Armormech Modifications-Shield Amplifier,2023-05-30T20:15:39.7696316Z,Class-Engineer-Armormech Modifications,String,Shield Amplifier,String,"You modify your shield generator to project outward. As a bonus action you can amplify your shield until the start of your next turn. Each creature within 5 feet of you gains a bonus to AC equal to your shield's bonus.

You can use this feature twice. You gain an additional use at 5th, 9th, 13th, and 17th level. You regain any expended uses when you finish a long rest.",String
Core,Engineer-Armormech Modifications-Shield Anchor,2023-05-30T20:15:39.7696316Z,Class-Engineer-Armormech Modifications,String,Shield Anchor,String,"You modify your shield to be used as a portable source of cover. As an action, you can anchor or deanchor the shield. While anchored, you gain no benefit from a shield, and it does not require the use of a hand. Instead, while anchored, a light shield provides one-quarter cover, a medium shield provides half cover, and a heavy shield provides three-quarters cover.",String
Core,Engineer-Armormech Modifications-Tech Blast,2023-05-30T20:15:39.7696316Z,Class-Engineer-Armormech Modifications,String,Tech Blast,String,"You modify your modified armor gauntlet with a blaster weapon with which you are proficient. The weapon uses your Intelligence modifier for its attack and damage rolls, and deals 1d8 energy damage on a hit. It has a normal range of 30 feet and a long range of 120 feet.",String
Core,Engineer-Armormech Modifications-Weapon Integration Armoring,2023-05-30T20:15:39.7696316Z,Class-Engineer-Armormech Modifications,String,Weapon Integration Armoring,String,"You can integrate a single weapon that weighs no more than 8 lb. into your armor. While integrated, that weapon gains the hidden property. Additionally, you have advantage on Strength saving throws to avoid being disarmed.

",String
Core,Engineer-Armstech Modifications-Accuracy Focus,2023-05-30T20:15:39.7696316Z,Class-Engineer-Armstech Modifications,String,Accuracy Focus,String,You gain a +1 bonus to attack rolls made with this weapon. This bonus increases to +2 at 9th level and +3 at 13th level.,String
Core,Engineer-Armstech Modifications-Amplifying Barrel,2023-05-30T20:15:39.7696316Z,Class-Engineer-Armstech Modifications,String,Amplifying Barrel,String,You gain a +1 bonus to damage rolls made with this weapon. This bonus increases to +2 at 9th level and +3 at 13th level.,String
Core,Engineer-Armstech Modifications-Bayonet,2023-05-30T20:15:39.7696316Z,Class-Engineer-Armstech Modifications,String,Bayonet,String,"You affix a short blade to the barrel of your modified blaster weapon, allowing you to make a melee weapon attack with it. The blade is a vibroweapon weapon with the finesse property that you are proficient with, and deals 1d6 kinetic damage.",String
Core,Engineer-Armstech Modifications-Booming Strikes,2023-05-30T20:15:39.7696316Z,Class-Engineer-Armstech Modifications,String,Booming Strikes,String,"You pack extra power into your modified weapon. Once per turn, when you hit with the weapon, you can deal an additional 1d6 damage. If you do so, the weapon makes a loud boom which can be heard 100 feet away. If you are hidden, Intelligence (Investigation) and Wisdom (Perception) checks made to locate you that rely on sound have advantage.",String
Core,Engineer-Armstech Modifications-Burst Core,2023-05-30T20:15:39.7696316Z,Class-Engineer-Armstech Modifications,String,Burst Core,String,"Your weapon gains the burst property, with a burst number equal to its reload number.",String
Core,Engineer-Armstech Modifications-Celerity Oscillator,2023-05-30T20:15:39.7696316Z,Class-Engineer-Armstech Modifications,String,Celerity Oscillator,String,"Once per turn, when you deal damage with your modified weapon, your walking speed increases by 10 feet until the start of your next turn, and the damaged creature can't make opportunity attacks against you for the rest of your turn.",String
Core,Engineer-Armstech Modifications-Collapsible Frame,2023-05-30T20:15:39.7706304Z,Class-Engineer-Armstech Modifications,String,Collapsible Frame,String,You install an expandable hilt on your modified weapon. Your modified weapon gains the reach property.,String
Core,Engineer-Armstech Modifications-Compensation Oscillator,2023-05-30T20:15:39.7706304Z,Class-Engineer-Armstech Modifications,String,Compensation Oscillator,String,"You install a compensation oscillator in your modified vibroweapon, removing the dexterity property from it.",String
Core,Engineer-Armstech Modifications-Contoured Grip,2023-05-30T20:15:39.7706304Z,Class-Engineer-Armstech Modifications,String,Contoured Grip,String,"You gain a +1 bonus to attack rolls made with this weapon. This bonus increases to +2 at 9th level and +3 at 13th level.

",String
Core,Engineer-Armstech Modifications-Expanded Magazine,2023-05-30T20:15:39.7706304Z,Class-Engineer-Armstech Modifications,String,Expanded Magazine,String,Your modified weapon can be more efficiently reloaded. You can reload your modified weapon once without using an action. You can't use this feature again until you reload the weapon with an action.,String
Core,Engineer-Armstech Modifications-Flashlight,2023-05-30T20:15:39.7706304Z,Class-Engineer-Armstech Modifications,String,Flashlight,String,"You affix a targeted light to your weapon. As a bonus action, you can toggle the light on or off. While on, your weapon sheds bright light in a 60-foot cone.",String
Core,Engineer-Armstech Modifications-Harpoon Reel,2023-05-30T20:15:39.7706304Z,Class-Engineer-Armstech Modifications,String,Harpoon Reel,String,"You install a secondary firemode that launches a harpoon attached to a tightly coiled cord. With this harpoon, you can make a ranged weapon attack with a range of 30/60. On a hit, it deals 1d6 kinetic damage. This attack can target a surface, object, or creature.

A creature struck by this attack is impaled by the harpoon. As an action, a creature can attempt to remove the harpoon. Removing the harpoon requires a Strength check. While the harpoon is stuck in the target, you are connected to the target by a 60 foot cable.

While connected in this manner, you can use your bonus action to activate the reel, pulling yourself to the location if the target is your size or larger. A creature or object smaller than you is pulled to you. Alternatively, you can opt to release the cable (no action required).

Once you've used this feature, you can't use it again until you recover and reinsert the harpoon as an action.",String
Core,Engineer-Armstech Modifications-Imbue Weapon,2023-05-30T20:15:39.7706304Z,Class-Engineer-Armstech Modifications,String,Imbue Weapon,String,"You modify your weapon to carry a charge. Over the course of a short rest, you can cast an at-will tech power, channeling it into your weapon. The next time you hit with your weapon, the stored power is released. If the power would require an attack roll, make a tech attack roll. If the power would require a saving throw, the target must make the saving throw as normal. On a hit, or a failure, the target suffers the power's normal effects. ",String
Core,Engineer-Armstech Modifications-Improved Burst Core,2023-05-30T20:15:39.7706304Z,Class-Engineer-Armstech Modifications,String,Improved Burst Core,String,Your weapon's burst number is reduced to half its reload number.,String
Core,Engineer-Armstech Modifications-Integrated Magazine,2023-05-30T20:15:39.7706304Z,Class-Engineer-Armstech Modifications,String,Integrated Magazine,String,Your modified weapon can be more efficiently reloaded. You can reload your modified weapon twice without using an action. You can't use this feature again until you reload the weapon with an action.,String
Core,Engineer-Armstech Modifications-Jagged Oscillator,2023-05-30T20:15:39.7706304Z,Class-Engineer-Armstech Modifications,String,Jagged Oscillator,String,"When you critically hit with the weapon, you deal an additional 1d8 kinetic damage.",String
Core,Engineer-Armstech Modifications-Keen Oscillator,2023-05-30T20:15:39.7716302Z,Class-Engineer-Armstech Modifications,String,Keen Oscillator,String,"Your weapon's critical hit range increases by 1.

",String
Core,Engineer-Armstech Modifications-Neutronium Edge,2023-05-30T20:15:39.7716302Z,Class-Engineer-Armstech Modifications,String,Neutronium Edge,String,You gain a +1 bonus to damage rolls made with this weapon. This bonus increases to +2 at 9th level and +3 at 13th level.,String
Core,Engineer-Armstech Modifications-Overcharge Weapon,2023-05-30T20:15:39.7716302Z,Class-Engineer-Armstech Modifications,String,Overcharge Weapon,String,"You gain the ability to channel your tech power to enhance your weapon's damage. You can expend one tech slot to deal additional damage to the target. The extra damage is 1d6 for a 1st-level tech slot, plus 1d6 for each slot level higher than 1st, to a maximum of 5d6. The damage is the same type as the weapon damage. If you also use your Booming Strikes with an attack, you add this damage to the extra damage of your Booming Strikes.",String
Core,Engineer-Armstech Modifications-Power Loop,2023-05-30T20:15:39.7716302Z,Class-Engineer-Armstech Modifications,String,Power Loop,String,"When you hit with the weapon, you can choose to channel the energy generated, gaining temporary hit points equal to half the damage dealt.

Once you've used this feature, you must complete a long rest before you can use it again.",String
Core,Engineer-Armstech Modifications-Recoil Dampener,2023-05-30T20:15:39.7716302Z,Class-Engineer-Armstech Modifications,String,Recoil Dampener,String,"You install a recoil dampener in your modified blaster, removing the strength property from it.",String
Core,Engineer-Armstech Modifications-Returning Weapon Guard,2023-05-30T20:15:39.7716302Z,Class-Engineer-Armstech Modifications,String,Returning Weapon Guard,String,"You install a retractible chain in your modified vibroweapon. If the weapon does not already have the thrown property, it gains it with a range of 20/60. Additionally, it gains the returning property.",String
Core,Engineer-Armstech Modifications-Screening Weapon,2023-05-30T20:15:39.7716302Z,Class-Engineer-Armstech Modifications,String,Screening Weapon,String,"You modify your modified weapon with a sound dampening module. When you make a weapon attack with your weapon while hidden, Investigation and Perception checks made to locate you that rely on sound have disadvantage.",String
Core,Engineer-Armstech Modifications-Shock Absorber,2023-05-30T20:15:39.7716302Z,Class-Engineer-Armstech Modifications,String,Shock Absorber,String,"You add a reclamation device to your modified weapon to gather energy from the surroundings when it is present. While wielding your modified weapon, you can cast the _absorb energy_ tech power and the power's extra damage applies to both melee and ranged weapon attacks.",String
Core,Engineer-Armstech Modifications-Shocking Harpoon,2023-05-30T20:15:39.7726296Z,Class-Engineer-Armstech Modifications,String,Shocking Harpoon,String,"After hitting a creature with the harpoon fire mode, you can use the connection to deliver an at-will tech power. As a bonus action, you can cast an at-will tech power at the target with a range of touch. If the power 



requires an attack roll, you have advantage. If the target requires a saving throw, the target has disadvantage. 

Once you've used this feature, you can't use it again until you recover the harpoon.",String
Core,Engineer-Armstech Modifications-Shocking Oscillator,2023-05-30T20:15:39.7726296Z,Class-Engineer-Armstech Modifications,String,Shocking Oscillator,String,"When you hit with the weapon, you can create an electronic burst. Each creature in a 15-foot cone centered on the creature you hit must make a Dexterity saving throw, taking 1d8 lightning damage on a failed save or half as much on a successful one.

Once you've used this feature, you must complete a long rest before you can use it again.",String
Core,Engineer-Armstech Modifications-Siege Weapon,2023-05-30T20:15:39.7716302Z,Class-Engineer-Armstech Modifications,String,Siege Weapon,String,You modify your weapon to be more effective against barriers. Your weapon deals double damage against structures.,String
Core,Engineer-Armstech Modifications-Snap Fire,2023-05-30T20:15:39.7726296Z,Class-Engineer-Armstech Modifications,String,Snap Fire,String,You modify your modified blaster weapon for quick shots. You can use your reaction to take a opportunity attack with your modified weapon if an enemy comes within 10 feet of you. You have disadvantage on this attack. ,String
Core,Engineer-Armstech Modifications-Staggering Oscillator,2023-05-30T20:15:39.7726296Z,Class-Engineer-Armstech Modifications,String,Staggering Oscillator,String,"When you hit with the weapon, you can force the target to make a Strength saving throw. On a failed save, the creature is pushed back 10 feet and knocked prone.

Once you've used this feature, you must complete a short or long rest before you can use it again.",String
Core,Engineer-Armstech Modifications-Tracker,2023-05-30T20:15:39.7726296Z,Class-Engineer-Armstech Modifications,String,Tracker,String,"You add a tracking mechanism to your modified weapon. The tracker has 3 charges. As a bonus action you can use 1 charge to cast _target lock_. As an action you can use 2 charges to cast _detect invisibility_.

The tracker regains all expended charges after a long rest.",String
Core,Engineer-Armstech Modifications-Truelight,2023-05-30T20:15:39.7726296Z,Class-Engineer-Armstech Modifications,String,Truelight,String,"You modify your flashlight with a toggle allowing you to briefly gain enhanced sight. As a bonus action, you can activate the truesight feature of your flashlight. When toggled on, for the next minute your flashlight now automatically dispel illusions and can detect invisibility, as with truesight.

Once you've used this feature, you must complete a short or long rest before you can use it again.",String
Core,Engineer-Armstech Modifications-Venomous Oscillator,2023-05-30T20:15:39.7726296Z,Class-Engineer-Armstech Modifications,String,Venomous Oscillator,String,"As a bonus action, you can coat your weapon in a thin layer of poison for 1 minute. The next time you hit with the weapon, the creature must make a Constitution saving throw against your tech save DC. On a failed save, a creature takes 1d10 poison damage and becomes poisoned for 1 minute.

Once you've used this feature, you must complete a long rest before you can use it again.

",String
Core,Engineer-Gadgeteer Modifications-Advanced Grounding System,2023-05-30T20:15:39.731653Z,Class-Engineer-Gadgeteer Modifications,String,Advanced Grounding System,String,While wearing your gadgeteer harness you have immunity to lightning damage.,String
Core,Engineer-Gadgeteer Modifications-Auto-Injection Regenerator,2023-05-30T20:15:39.731653Z,Class-Engineer-Gadgeteer Modifications,String,Auto-Injection Regenerator,String,"You install a special kolto injector into your gadgeteer harness that can inject you with kolto in response to pain. When you take damage, you can use your reaction and expend a Hit Die to regain health as long as the damage would not reduce your hit points to 0.",String
Core,Engineer-Gadgeteer Modifications-Autothrusters,2023-05-30T20:15:39.731653Z,Class-Engineer-Gadgeteer Modifications,String,Autothrusters,String,You can take the Dash and Disengage actions as a bonus action while your jet pack is active.,String
Core,Engineer-Gadgeteer Modifications-Climbing Gloves,2023-05-30T20:15:39.731653Z,Class-Engineer-Gadgeteer Modifications,String,Climbing Gloves,String,"You craft a set of gloves with a powerful assisted grip. While wearing these gloves, you have a climbing speed of 20 feet, and you have advantage on Strength saving throws and Strength (Athletics) checks that involve climbing.",String
Core,Engineer-Gadgeteer Modifications-Darkvision Goggles,2023-05-30T20:15:39.731653Z,Class-Engineer-Gadgeteer Modifications,String,Darkvision Goggles,String,"You craft a pair of sight-enhancing goggles. While wearing these goggles, you have darkvision to a range of 60 feet. If you already have darkvision, this modification increases its range by 30 feet.",String
Core,Engineer-Gadgeteer Modifications-Extended Tank,2023-05-30T20:15:39.731653Z,Class-Engineer-Gadgeteer Modifications,String,Extended Tank,String,Your jet pack now lasts up to 10 minutes when activated.,String
Core,Engineer-Gadgeteer Modifications-Flame Vents,2023-05-30T20:15:39.731653Z,Class-Engineer-Gadgeteer Modifications,String,Flame Vents,String,"You learn the *flame sweep* tech power and can cast it at first level without using tech points. Once you have used this ability, you cannot use it again until you finish a short or long rest.

Additionally, while your jet pack is active, you can cast *flame sweep* using your bonus action instead of your action.",String
Core,Engineer-Gadgeteer Modifications-Frailcasting Inhibitor,2023-05-30T20:15:39.731653Z,Class-Engineer-Gadgeteer Modifications,String,Frailcasting Inhibitor,String,You gain a +1 bonus to the tech save DC of powers you cast that requires a Strength or Constitution saving throw. This bonus increases to +2 at 9th level and +3 at 13th level.,String
Core,Engineer-Gadgeteer Modifications-Grounding System,2023-05-30T20:15:39.7326525Z,Class-Engineer-Gadgeteer Modifications,String,Grounding System,String,While wearing your gadgeteer harness you are immune to the shocked condition.,String
Core,Engineer-Gadgeteer Modifications-Integrated Amplifier,2023-05-30T20:15:39.7326525Z,Class-Engineer-Gadgeteer Modifications,String,Integrated Amplifier,String,"You gain a +1 bonus to melee tech attack rolls. This bonus increases to +2 at 9th level and +3 at 13th level.

",String
Core,Engineer-Gadgeteer Modifications-Integrated Rangefinder,2023-05-30T20:15:39.7326525Z,Class-Engineer-Gadgeteer Modifications,String,Integrated Rangefinder,String,You gain a +1 bonus to ranged tech attack rolls. This bonus increases to +2 at 9th level and +3 at 13th level.,String
Core,Engineer-Gadgeteer Modifications-Intelligence Core Override,2023-05-30T20:15:39.7326525Z,Class-Engineer-Gadgeteer Modifications,String,Intelligence Core Override,String,"You can cast the *override interface* tech power at 5th level without spending tech points.

Once you've used this feature, you must complete a long rest before you can use it again.",String
Core,Engineer-Gadgeteer Modifications-Jet Pack,2023-05-30T20:15:39.7326525Z,Class-Engineer-Gadgeteer Modifications,String,Jet Pack,String,"You integrate a jet pack into your gadgeteer harness to grant you temporary, limited flight. Activating or deactivating the jets requires a bonus action and, while active, you have a flying speed of 30 feet. 

The jet pack last for 1 minute before deactivating. Once the jets have been activated, they can't be activated again until you finish a short or long rest.

Your jet pack's speed increases to 40 feet at 5th level, 50 feet at 9th level, 60 feet at 13th level, 70 feet at 17th level, and 80 feet at 20th level.",String
Core,Engineer-Gadgeteer Modifications-Mechanical Arm,2023-05-30T20:15:39.7326525Z,Class-Engineer-Gadgeteer Modifications,String,Mechanical Arm,String,"You create a mechanical arm which mounts to your shoulder, which you can use independently. You can only gain the benefit of items held by two of your arms at any given time.

You can choose this modification twice.",String
Core,Engineer-Gadgeteer Modifications-Mimicker,2023-05-30T20:15:39.7326525Z,Class-Engineer-Gadgeteer Modifications,String,Mimicker,String,"You create a device that attaches to your gadgeteer harness. Your mimicker casts a shadow that makes you appear to be standing in a place near your actual location, causing any creature to have disadvantage on attack rolls against you. If you take damage, the property ceases to function for 1 minute. Your mimicker is suppressed while you are incapacitated, restrained, or otherwise unable to move.",String
Core,Engineer-Gadgeteer Modifications-Miniaturized Hydraulics,2023-05-30T20:15:39.7326525Z,Class-Engineer-Gadgeteer Modifications,String,Miniaturized Hydraulics,String,Your gadgeteer harness can store 20 pounds of equipment without adding to your encumbrance.,String
Core,Engineer-Gadgeteer Modifications-Oil Spill,2023-05-30T20:15:39.7326525Z,Class-Engineer-Gadgeteer Modifications,String,Oil Spill,String,"As an action, you can cast the *oil slick* tech power without expending tech points. When you cast the power in this way, the oil will remain in place for the full duration of the power.

Once you've used this feature, you must complete a short or long rest before you can use it again.",String
Core,Engineer-Gadgeteer Modifications-Powered Grappling Hook,2023-05-30T20:15:39.7326525Z,Class-Engineer-Gadgeteer Modifications,String,Powered Grappling Hook,String,"While your wrist-mounted grappling hook is deployed, when you cast a tech power with a range of touch, your hook can deliver the power as if it had cast it.",String
Core,Engineer-Gadgeteer Modifications-Prototype Grounding System,2023-05-30T20:15:39.7326525Z,Class-Engineer-Gadgeteer Modifications,String,Prototype Grounding System,String,"While wearing your gadgeteer harness you have resistance to lightning damage.

",String
Core,Engineer-Gadgeteer Modifications-Quick Start Engine,2023-05-30T20:15:39.7336526Z,Class-Engineer-Gadgeteer Modifications,String,Quick Start Engine,String,You can now activate your Jet Pack as an object interaction rather than as a bonus action.,String
Core,Engineer-Gadgeteer Modifications-Recycled Adrenals,2023-05-30T20:15:39.7336526Z,Class-Engineer-Gadgeteer Modifications,String,Recycled Adrenals,String,"You can augment a single adrenal to regain its charge. This adrenal can only be used by you, and it can only affect you. Once you've used this adrenal, you can't use it again until you finish a long rest.",String
Core,Engineer-Gadgeteer Modifications-Recycled Explosives,2023-05-30T20:15:39.7336526Z,Class-Engineer-Gadgeteer Modifications,String,Recycled Explosives,String,"You can augment a single explosive to regain its charge. This explosive can only be used by you, and it uses your tech save DC instead of its own, unless its own DC would be higher. Once you've used this explosive, you can't use it again until you finish a long rest.",String
Core,Engineer-Gadgeteer Modifications-Recycled Stimpacs,2023-05-30T20:15:39.7336526Z,Class-Engineer-Gadgeteer Modifications,String,Recycled Stimpacs,String,"You can augment a single stimpac to regain its charge. This stimpac can only be used by you, and it can only affect you. Once you've used this stimpac, you can't use it again until you finish a long rest.",String
Core,Engineer-Gadgeteer Modifications-Rendcasting Inhibitor,2023-05-30T20:15:39.7336526Z,Class-Engineer-Gadgeteer Modifications,String,Rendcasting Inhibitor,String,You gain a +1 bonus to the tech save DC of powers you cast that requires a Dexterity or Intelligence saving throw. This bonus increases to +2 at 9th level and +3 at 13th level.,String
Core,Engineer-Gadgeteer Modifications-Sentry Turret,2023-05-30T20:15:39.7336526Z,Class-Engineer-Gadgeteer Modifications,String,Sentry Turret,String,"You learn how to craft small sentry turrets shaped like globes that can adhere to any surface. As an action or bonus action (your choice), you can throw a sentry to a point you can see within range (30 feet + your Strength modifier x 5). At the end of each of your turns, a deployed sentry automatically targets a hostile creature within 10 feet of it. If multiple targets are available, one is chosen at random. The target must make a Dexterity saving throw. On a failed save, it takes 1d4 energy damage and gains 1 slowed level until the end of your next turn. If a creature would be targeted by more than one of these sentries, it only makes this saving throw once, taking an additional d4 damage for each sentry beyond the first.

The sentries have 1 hit point, an armor class of 10, and can be repaired over the course of a long rest. Each sentry lasts for 1 minute before deactivating. You can maintain a number of sentries equal to your Intelligence modifier. Once a sentry has been activated, it can't be activated again until you finish a short or long rest.",String
Core,Engineer-Gadgeteer Modifications-Shocking Barrier,2023-05-30T20:15:39.7336526Z,Class-Engineer-Gadgeteer Modifications,String,Shocking Barrier,String,"You enhanced your barriers. Whenever a creature with one of your barriers active takes damage from a creature within 5 feet of it, the damaged creature can roll your Potent Aptitude die, dealing the result of the die as lightning damage to the creature that damaged it.",String
Core,Engineer-Gadgeteer Modifications-Shocking Hook,2023-05-30T20:15:39.7336526Z,Class-Engineer-Gadgeteer Modifications,String,Shocking Hook,String,"After hitting a creature with your grappling hook, you can use the connection to deliver an at-will tech power. As a bonus action, you can cast an at-will tech power at the target with a range of touch. If the power requires an attack roll, you have advantage. If the target requires a saving throw, the target has disadvantage. 

Once you've used this feature, you can't use it again until you recover the hook.
",String
Core,Engineer-Gadgeteer Modifications-Stealth Field Generator,2023-05-30T20:15:39.7336526Z,Class-Engineer-Gadgeteer Modifications,String,Stealth Field Generator,String,"You create an augmented belt that functions as a portable, personal cloaking device. Activating or deactivating the generator requires a bonus action and, while active, you have advantage on Dexterity (Stealth) ability checks that rely on sight. The generator lasts for 1 minute. This effect ends early if you make an attack or cast a force- or tech- power.

Once the belt has been activated, it can't be activated again until you finish a short or long rest.",String
Core,Engineer-Gadgeteer Modifications-Truesight Goggles,2023-05-30T20:15:39.7336526Z,Class-Engineer-Gadgeteer Modifications,String,Truesight Goggles,String,"You modify your goggles with a toggle allowing you to briefly gain enhanced sight. As a bonus action, you can activate the truesight feature of your goggles. When toggled on, for the next minute your goggles now automatically dispel illusions and can detect invisibility, as with truesight.

Once you've used this feature, you must complete a short or long rest before you can use it again.",String
Core,Engineer-Gadgeteer Modifications-Weapon Integration,2023-05-30T20:15:39.7346514Z,Class-Engineer-Gadgeteer Modifications,String,Weapon Integration,String,"You can integrate a single weapon that weighs no more than 8 lb. into your gadgeteer harness. While integrated, that weapon gains the hidden and fixed properties. ",String
Core,Engineer-Gadgeteer Modifications-Withercasting Inhibitor,2023-05-30T20:15:39.7346514Z,Class-Engineer-Gadgeteer Modifications,String,Withercasting Inhibitor,String,You gain a +1 bonus to the tech save DC of powers you cast that requires a Wisdom or Charisma saving throw. This bonus increases to +2 at 9th level and +3 at 13th level.,String
Core,Engineer-Gadgeteer Modifications-Wrist-Mounted Grappling Hook,2023-05-30T20:15:39.7346514Z,Class-Engineer-Gadgeteer Modifications,String,Wrist-Mounted Grappling Hook,String,"You craft a wrist-mounted grappling hook weapon attached to a tightly coiled cord. With this contraption, you can make a ranged weapon attack with a range of 30/60. On a hit, it deals 1d4 kinetic damage. This attack can target a surface, object, or creature.

A creature struck by this attack is impaled by the hook. As an action, a creature can attempt to remove the hook. Removing the hook requires a Strength check. While the hook is stuck in the target, you are connected to the target by a 60 foot cable.

While the hook is deployed, you can use your bonus action to activate the reel, pulling yourself to the location if the target is your size or larger. A creature or object smaller than you is pulled to you. Alternatively, you can opt to release the cable (no action required).

Once you've used this feature, you can't use it again until you recover and reinsert the hook as an action.

",String
Core,Guardian-Guardian Auras-Aura of Conquest,2023-05-30T20:15:39.7656333Z,Class-Guardian-Guardian Auras,String,Aura of Conquest,String,"Whenever a creature who is frightened of you starts its turn within 5 feet of you, its gains 4 slowed levels and takes psychic damage equal to half your guardian level.",String
Core,Guardian-Guardian Auras-Aura of Conviction,2023-05-30T20:15:39.7656333Z,Class-Guardian-Guardian Auras,String,Aura of Conviction,String,You and friendly creatures within 5 feet of you have advantage on saving throws against effects that would cause you to be charmed or frightened.,String
Core,Guardian-Guardian Auras-Aura of Hatred,2023-05-30T20:15:39.7656333Z,Class-Guardian-Guardian Auras,String,Aura of Hatred,String,You and friendly creatures within 5 feet of you gain a bonus to the first melee weapon damage rolls you make each round equal to your Charisma modifier (minimum of +1).,String
Core,Guardian-Guardian Auras-Aura of Presence,2023-05-30T20:15:39.7666334Z,Class-Guardian-Guardian Auras,String,Aura of Presence,String,"Whenever you or a friendly creature within 5 feet of you must make a saving throw, the creature can add your Wisdom modifier to the saving throw. ",String
Core,Guardian-Guardian Auras-Aura of Protection,2023-05-30T20:15:39.7666334Z,Class-Guardian-Guardian Auras,String,Aura of Protection,String,"Whenever a creature within 5 feet of you takes damage, you can use your reaction to take that damage instead of that creature taking it. This feature doesn't transfer any other effects that might accompany the damage, and this damage can't be reduced in any way.",String
Core,Guardian-Guardian Auras-Aura of Vigor,2023-05-30T20:15:39.7666334Z,Class-Guardian-Guardian Auras,String,Aura of Vigor,String,"Whenever a friendly creature starts its turn within 5 feet of you, that creature gains temporary hit points equal to your Wisdom or Charisma modifier (your choice, minimum of one).",String
Core,Guardian-Guardian Auras-Aura of Warding,2023-05-30T20:15:39.7666334Z,Class-Guardian-Guardian Auras,String,Aura of Warding,String,You and friendly creatures within 5 feet of you have resistance to damage from force powers.,String
Core,Scholar-Discoveries-Academic Memory,2023-05-30T20:15:39.7626357Z,Class-Scholar-Discoveries,String,Academic Memory,String,"You can recall anything you have read in the past month that you understand. This includes but is not limited to books, maps, signs, and lists.",String
Core,Scholar-Discoveries-Adaptive,2023-05-30T20:15:39.7626357Z,Class-Scholar-Discoveries,String,Adaptive,String,"When the target of your Critical Analysis feature is reduced to 0 hit points, you can use your reaction to change the target of your analysis to another creature within range.",String
Core,Scholar-Discoveries-Ambassador,2023-05-30T20:15:39.7626357Z,Class-Scholar-Discoveries,String,Ambassador,String,"You learn three additional languages of your choice.

You may choose this discovery multiple times.",String
Core,Scholar-Discoveries-Clever Applications,2023-05-30T20:15:39.7636344Z,Class-Scholar-Discoveries,String,Clever Applications,String,"You gain proficiency with improvised weapons, and they gain the finesse property for you. Additionally, when you make an attack with an improvised weapon, it deals 1d6 damage.

You can use your Sage Advice feature to give friendly creatures improvised weapon proficiency if they don't already have it, following the same rules of that feature as if it were a skill or tool. The friendly creatures retain this proficiency for the entire duration instead.",String
Core,Scholar-Discoveries-Expert's Advice,2023-05-30T20:15:39.7636344Z,Class-Scholar-Discoveries,String,Expert's Advice,String,"When you use your Sage Advice feature, the first time each targeted creature makes the chosen skill check, they gain an additional bonus to the roll equal to half your Critical Analysis ability modifier.",String
Core,Scholar-Discoveries-Hardened Mind,2023-05-30T20:15:39.7636344Z,Class-Scholar-Discoveries,String,Hardened Mind,String,"You have advantage on saving throws against illusions and on Intelligence checks to discern them from reality.

You also gain resistance to psychic damage.


",String
Core,Scholar-Discoveries-Lifelong Learning,2023-05-30T20:15:39.7636344Z,Class-Scholar-Discoveries,String,Lifelong Learning,String,"You gain proficiency in a skill and a tool, or two tools.

You can select this discovery multiple times, each time choosing a new skill and a tool, or two new tools.",String
Core,Scholar-Discoveries-Lingering Advice,2023-05-30T20:15:39.7636344Z,Class-Scholar-Discoveries,String,Lingering Advice,String,"When you use your Sage Advice feature, the targeted creatures retain the benefit from your instruction for the full duration.",String
Core,Scholar-Discoveries-Malleable Maneuvering,2023-05-30T20:15:39.7636344Z,Class-Scholar-Discoveries,String,Malleable Maneuvering,String,"You learn two additional maneuvers. When you complete a short rest, you can replace one of these maneuvers with another one. When you complete a long rest, you can replace both of these maneuvers with other ones.",String
Core,Scholar-Discoveries-Maneuver Versatility,2022-08-17T00:39:12.3615343Z,Class-Scholar-Discoveries,String,Maneuver Versatility,String,"Choose two maneuvers you know. The chosen maneuvers count as general maneuvers for you. You can choose another maneuver at 5th, 9th, 13th, and 17th level. Whenever you gain a level in this class, you can replace one of these maneuvers with another maneuver you know.",String
Core,Scholar-Discoveries-Master's Advice,2023-05-30T20:15:39.7636344Z,Class-Scholar-Discoveries,String,Master's Advice,String,"When you use your Sage Advice feature, the first time each targeted creature makes the chosen skill check, they gain an additional bonus to the roll equal to your Critical Analysis ability modifier.",String
Core,Scholar-Discoveries-Mental Prowess,2023-05-30T20:15:39.7636344Z,Class-Scholar-Discoveries,String,Mental Prowess,String,"When you make a Strength (Athletics) or Dexterity (Acrobatics) check to grapple a creature or break out of a grapple, net, and other restraining equipment, you can use your Critical Analysis ability modifier instead of Strength or Dexterity. ",String
Core,Scholar-Discoveries-Moderately Armored,2023-05-30T20:15:39.7636344Z,Class-Scholar-Discoveries,String,Moderately Armored,String,You gain proficiency in medium armor.,String
Core,Scholar-Discoveries-Perfect Maneuver,2023-05-30T20:15:39.7636344Z,Class-Scholar-Discoveries,String,Perfect Maneuver,String,"Your superiority die rolls gain a minimum roll threshold, discussed in chapter 7.",String
Core,Scholar-Discoveries-Quick Analysis,2023-05-30T20:15:39.7636344Z,Class-Scholar-Discoveries,String,Quick Analysis,String,"When you roll initiative and aren't surprised, you can use your reaction to use your Critical Analysis feature.",String
Core,Scholar-Discoveries-Rancor's Discipline,2023-05-30T20:15:39.7636344Z,Class-Scholar-Discoveries,String,Rancor's Discipline,String,"You can substitute Wisdom or Charisma (chosen when you study this discipline) for Intelligence for your scholar class features, except for other discoveries and Academic Pursuit features.",String
Core,Scholar-Discoveries-Reliable Sources,2023-05-30T20:15:39.7646344Z,Class-Scholar-Discoveries,String,Reliable Sources,String,"Intelligence (Lore) or Intelligence (Nature) skill check that lets you add your proficiency bonus gain a minimum roll threshold, discussed in chapter 7.",String
Core,Scholar-Discoveries-Resolute,2023-05-30T20:15:39.7646344Z,Class-Scholar-Discoveries,String,Resolute,String,"When you make a saving throw to resist charm and fear effects, you may add your Intelligence modifier to the roll.
",String
Core,Scholar-Discoveries-Running on Fumes,2023-05-30T20:15:39.7646344Z,Class-Scholar-Discoveries,String,Running on Fumes,String,"You only need 3 hours of sleep during a long rest to gain its benefits, instead of 6. Additionally, if your long rest would be interrupted, you only need to complete the long rest instead of restarting it to gain its benefits. Lastly, you have advantage on saving throws against exhaustion.",String
Core,Scholar-Discoveries-Survival Expert,2023-05-30T20:15:39.7646344Z,Class-Scholar-Discoveries,String,Survival Expert,String,"When you make a Survival skill check, you may use your Critical Analysis ability modifier instead of your Wisdom modifier.

Additionally, you have advantage on saving throws against poison.",String
Core,Scholar-Discoveries-Targeted Analysis,2023-05-30T20:15:39.7646344Z,Class-Scholar-Discoveries,String,Targeted Analysis,String,Your attack rolls against the target of your Critical Analysis feature cannot suffer from disadvantage.,String
Core,Scholar-Discoveries-Tech Amateur,2023-05-30T20:15:39.7646344Z,Class-Scholar-Discoveries,String,Tech Amateur,String,"You learn and can cast one 1st-level tech power once per long rest. Your techcasting ability is Intelligence. You require use of a wristpad for this power.

You can select this discovery multiple times. Each time you do so, you must choose a different power.",String
Core,Scholar-Discoveries-Universal Language,2023-05-30T20:15:39.7646344Z,Class-Scholar-Discoveries,String,Universal Language,String,You can communicate simple ideas with any creature with an Intelligence score of 6 or higher through basic expressions and gestures.,String
Core,Scholar-Discoveries-Versatile Maneuvers,2023-05-30T20:15:39.7646344Z,Class-Scholar-Discoveries,String,Versatile Maneuvers,String,"Choose two maneuvers you know. The chosen maneuvers count as general maneuvers for you. You can choose another maneuver at 5th, 9th, 13th, and 17th level. Whenever you gain a level in this class, you can replace one of these maneuvers with another maneuver you know.",String
Core,Scout-Hunter's Prey-Colossus Slayer,2023-05-30T20:15:39.7666334Z,Class-Scout-Hunter's Prey,String,Colossus Slayer,String,"Your tenacity can wear down the most potent foes. When you hit a creature with a weapon attack, the creature takes an extra 1d8 damage if it's below its hit point maximum. You can deal this extra damage only once per turn, and this damage is the same type as the weapon's damage. ",String
Core,Scout-Hunter's Prey-Giant Killer,2023-05-30T20:15:39.7666334Z,Class-Scout-Hunter's Prey,String,Giant Killer,String,"When a Large or larger creature within 5 feet of you hits or misses you with an attack, you can use your reaction to attack that creature immediately after its attack, provided that you can see the creature. ",String
Core,Scout-Hunter's Prey-Horde Breaker,2023-05-30T20:15:39.7666334Z,Class-Scout-Hunter's Prey,String,Horde Breaker,String,"Once on each of your turns when you make a weapon<br> &emsp;&emsp;&emsp;&emsp;&emsp;&emsp;attack, you can make another attack with<br> &emsp;&emsp;&emsp;&emsp;&emsp;&emsp;&emsp;the same weapon against a different<br> &emsp;&emsp;&emsp;&emsp;&emsp;&emsp;&emsp;&emsp;&emsp;&emsp;&nbsp;creature that is within 5 feet of<br> &emsp;&emsp;&emsp;&emsp;&emsp;&emsp;&emsp;&emsp;&emsp;the original target and within<br> &emsp;&emsp;&emsp;&emsp;&emsp;&emsp;&emsp;&emsp;&emsp;range of your weapon, no action<br> &emsp;&emsp;&emsp;&emsp;&emsp;&emsp;&emsp;&emsp;&emsp;required.

",String
Core,Sentinel-Sentinel Ideals-Ideal of the Agile,2023-05-30T20:15:39.7646344Z,Class-Sentinel-Sentinel Ideals,String,Ideal of the Agile,String,"You gain a swimming speed and a climbing speed equal to your walking speed. When you make a long jump, you can cover a number of feet up to twice your Wisdom or Charisma score (your choice). When you make a high jump, you can leap a number of feet up into the air equal to 3 + twice your Wisdom or Charisma modifier (your choice).

Additionally, as a bonus action, you can manifest this ideal in a brief surge of energy. For the next minute, opportunity attacks against you are made with disadvantage.",String
Core,Sentinel-Sentinel Ideals-Ideal of the Artisan,2023-05-30T20:15:39.7646344Z,Class-Sentinel-Sentinel Ideals,String,Ideal of the Artisan,String,"Choose one of your skill or tool proficiencies. When you make an ability check with the chosen skill or tool, you can add half your Wisdom or Charisma modifier (your choice, minimum of one).

Additionally, as an action, you can manifest this ideal in a brief surge of energy. For the next 10 minutes, the bonus increases to your Wisdom or Charisma modifier, and you can choose a second skill or tool to extend this feature to.",String
Core,Sentinel-Sentinel Ideals-Ideal of the Contender,2023-05-30T20:15:39.7656333Z,Class-Sentinel-Sentinel Ideals,String,Ideal of the Contender,String,"Your unarmed strike damage increases by one step (from 1 to d4, d4 to d6, or d6 to d8), and your unarmed strikes gain the finesse property.

Additionally, as a bonus action, you can manifest this ideal in a brief surge of energy. For the next minute, your unarmed strikes count as enhanced for the purpose of overcoming resistance and immunity to unenhanced attacks and damage, and you can use your Wisdom or Charisma modifier (your choice) instead of Strength for checks made to grapple a target or escape a grapple.",String
Core,Sentinel-Sentinel Ideals-Ideal of the Fighter,2023-05-30T20:15:39.7656333Z,Class-Sentinel-Sentinel Ideals,String,Ideal of the Fighter,String,"You adopt a particular style of fighting as your specialty. Choose one of the fighting style options, detailed in Chapter 6. 

Additionally, as a bonus action, you can manifest this ideal in a brief surge of energy. For the next minute, you know the fighting mastery that corresponds with the fighting style you chose with this feature. If you already know that fighting mastery, you instead learn another of your choice for the duration.

",String
Core,Sentinel-Sentinel Ideals-Ideal of the Hunter,2023-05-30T20:15:39.7656333Z,Class-Sentinel-Sentinel Ideals,String,Ideal of the Hunter,String,"You gain darkvision out to a range of 60 feet. If you already have darkvision, this ideal increases its range by 30 feet.

Additionally, as a bonus action, you can manifest this ideal in a brief surge of energy. For the next minute, you can see normally in enhanced darkness, and you gain blindsight to 10 feet.",String
Core,Sentinel-Sentinel Ideals-Ideal of the Steadfast,2023-05-30T20:15:39.7656333Z,Class-Sentinel-Sentinel Ideals,String,Ideal of the Steadfast,String,"When you would make a melee weapon attack roll, you can instead force the target to make a Dexterity saving throw (DC = 8 + your bonus to attacks with the weapon). If you would have advantage on your attack roll, the creature instead has disadvantage on their saving throw, and if you would have disadvantage on your attack roll, the creature instead has advantage on their saving throw. On a failed save, the target takes normal weapon damage and is subjected to any additional effects that would occur on a hit.

Additionally, as a bonus action, you can manifest this ideal in a brief surge of energy. For the next minute, when a creature succeeds on the saving throw, they take half the normal weapon damage, and when a creature rolls a 1 on the saving throw, they treat the damage as if you had rolled the maximum.",String
Core,Sentinel-Sentinel Ideals-Ideal of the Titan,2023-05-30T20:15:39.7656333Z,Class-Sentinel-Sentinel Ideals,String,Ideal of the Titan,String,"You gain proficiency in medium armor.

Additionally, as a bonus action, you can manifest this ideal in a brief surge of energy. For the next minute, you have advantage on ability checks and attack rolls that would forcefully move another creature, and the distance they would be moved increases by 5 feet.",String
Core,Sentinel-Sentinel Ideals-Ideal of the Tranquil,2023-05-30T20:15:39.7656333Z,Class-Sentinel-Sentinel Ideals,String,Ideal of the Tranquil,String,"When you finish a short or long rest, you gain a number of temporary force points equal to half your Wisdom or Charisma modifier (your choice, minimum of one). When you would spend a force point while you have temporary force points, the temporary force points are spent first. All temporary force points are lost at the end of your next short or long rest.

Additionally, as an action, you can manifest this ideal in a brief surge of energy. You regain a number of force points equal to half your Wisdom or Charisma modifier (your choice, minimum of one).",String
Core,Sentinel-Sentinel Ideals-Ideal of the Vigorous,2023-05-30T20:15:39.7656333Z,Class-Sentinel-Sentinel Ideals,String,Ideal of the Vigorous,String,"When you roll a Hit Die to regain hit points, you may use your Wisdom or Charisma modifier in place of your Constitution modifier when determining the number of hit points you regain.

Additionally, as an action, you can manifest this ideal in a brief surge of energy. You gain a number of temporary hit points equal to half your sentinel level + your Wisdom or Charisma modifier (your choice, minimum of one).",String
